name,brand,street,zip,city,country,latitude,longitude,phone,email,website
Autohaus Bleker GmbH,KIA,Kölner Str. 1,48163,Münster,DE,51.887546,7.5798029,02501 - 97380 ,,https://www.kia-bleker-muenster.de
Autohaus Rinnetal GmbH ,KIA,Prof.-H.-Klare-Str. 2 ,07407,Rudolstadt ,DE,50.698776,11.332098,03672 - 4838482,info@rinnetal.com,https://www.kia-rinnetal-rudolstadt.de
 Auto- und Motorradhaus Borchardt GmbH,KIA,Maschstraße 43 ,49356 ,Diepholz ,DE,52.592845,8.3540153,05441 - 594920,diepholz@borchardt-mobil.de,https://www.kia-borchardt-diepholz.de
Autohaus Siebrecht GmbH,KIA,Wiesenstrasse 15,37170,Uslar ,DE,51.659816,9.6296777,05571 - 92300,info@autohaus-siebrecht.de,https://www.kia-siebrecht-uslar.de
Autohaus Claas Penning GmbH,KIA,Westersteder Straße 6-14a,26340,Zetel-Neuenburg,DE,53.386799043814364,7.953552996183445,04452-91200,info@autohaus-penning.de,https://www.kia-penning-zetelneuenburg.de/
"Autohaus Weiner, Inh. Robert Weiner",KIA,Rothenburger Landstr. 156,02828,Görlitz,DE,51.203014734578254,14.998853104147898,03581-314235,verkauf@autohausweiner.de,https://www.kia-weiner-goerlitz.de/
Heinrich Nehrkorn GmbH & Co. KG ,KIA,Zur Bleiche 49 ,24941 ,Flensburg ,DE,54.77130126953125,9.429461479187012,0461 - 99800 ,kia@nehrkorn.de,https://www.kia-nehrkorn-flensburg.de
Auto Nagel Kempen GmbH & Co. KG,KIA,Otto-Schott-Str. 7 ,47906,Kempen,DE,51.3758002,6.4156472,02841794050,,https://www.kia-nagel-kempen.de
Autohaus Kaltenbach GmbH & Co. KG ,KIA,Robert-Bosch-Straße 4 ,51674 ,Wiehl ,DE,50.96885918346707,7.520817698847283,02261 - 94720,info.wiehl@kaltenbach-gruppe.de,https://kaltenbach-gruppe.de/kia-markenwelt/
Autohaus Kaltenbach GmbH & Co. KG ,KIA,Borner Str. 35 ,42897,Remscheid ,DE,51.17802234257778,7.254240426069306,02191 - 463700,info.remscheid@kaltenbach-gruppe.de,https://kaltenbach-gruppe.de/kia-markenwelt/
Horst Wahl GmbH & Co. KG,KIA,Andernacher Str. 232,56070,Koblenz,DE,50.377174,7.5881223,0261 - 808000,kia.koblenz@wahl-group.de,https://www.wahl-group.de/kia
Procar Automobile Movement GmbH,KIA,Bayerische Allee 1,50858,Köln,DE,50.9159253,6.8531461,02234-9150,koeln-west@procar-automobile.de,https://www.kia-procar-koeln.de
Doll Kfz GmbH & Co. KG ,KIA,Thaddenstr. 11,69469,Weinheim,DE,49.540147,8.657887,06201-877140,loeffler@auto-doll.de,https://www.kia-doll-weinheim.de
Autohaus Staiger GmbH,KIA,Abelsbergstraße 77-89,70188,Stuttgart,DE,48.786163330078125,9.212481498718262,0711-268640,svenja.garczyk@autostaiger.de,https://www.kia-staiger-stuttgart.de
Hugo Pfohe GmbH,KIA,Alsterkrugchaussee 355,22335,Hamburg,DE,53.62022018432617,10.009965896606445,040 - 228989492,t.ehlers@hugopfohe.de,https://www.kia-pfohe-hamburg-fuhlsbuettel.de/
Motor Center Heinen GmbH,KIA,Kiebitzweg 1,58708 ,Menden,DE,51.4363453,7.7551694,02373-179090   ,kai.siebeck@heinen-nrw.de,https://www.kia-heinen-menden.de
Auto Haass GmbH ,KIA,Schwieberdinger Str. 125 ,71636,Ludwigsburg ,DE,48.890293,9.1703386,07141 - 47440 ,info@auto-haass.de,https://www.kia-auto-haass-ludwigsburg.de
Autohaus Hessengarage GmbH ,KIA,Hanauer Landstraße 119a ,60314,Frankfurt am Main ,DE,50.11163,8.7104562,,info@hessengarage.de,https://www.kia-hessengarage-frankfurt.de
Autohaus & Landtechnik Maier GmbH & Co. KG,KIA,Antoniusstr. 3,92444,Rötz,DE,49.3900608,12.5027184,096769231515,tmaier@maiermobil.de,https://www.kia-maier-roetz.de
Feser-Graf Metropol GmbH,KIA,Emil-Kemmer-Straße 23,96103 ,Hallstadxt,DE,49.9180427,10.8737533,0951-2087790,dietmar.scharf@metropol-automobile.de,https://www.feser-graf.de/marken/kia
Auto-Neumaier GmbH,KIA,Rosenheimer Straße 70,83043,Bad Aibling,DE,47.85505868772706,12.01598425477254,08061-35070,info@auto-neumaier.de,https://www.kia-neumaier-badaibling.de/
Dinnebier Automobile GmbH,KIA,Delitzscher Landstraße 150,04158,Leipzig,DE,51.4065017,12.3652887,0341/52410,info-leipzig@dinnebiergruppe.de,https://www.kia-dinnebier-leipzig.de
Daffner Car Group GmbH,KIA,Handwerkerhof 1,04316 ,Leipzig,DE,51.32478713989258,12.436775207519531,0341 31912940,info@acl-daffner.de,https://www.kia-daffner-leipzig-moelkau.de/
Daffner Car Group GmbH,KIA,Lützner Str. 175,04179 ,Leipzig,DE,51.330265,12.3148918,0341/ 487 48 0,info@acl-daffner.de,https://www.kia-daffner-leipzig.de
Robert Kunzmann GmbH & Co. KG,KIA,Altenhaßlauer Weg 2,63571,Gelnhausen,DE,50.187847,9.1736459,06021 - 36174100,info@kunzmann.de,https://www.kia-kunzmann-gelnhausen.de
Autohaus Christmann GmbH,KIA,Ferdinand-Porsche-Str. 5,67269,Grünstadt,DE,49.5615832,8.1833472,06359-932560,kia@autohaus-christmann.com,https://www.kia-christmann-gruenstadt.de
Robert Kunzmann GmbH & Co. KG,KIA,Justus-von-Liebig-Str. 22,63128,Dietzenbach,DE,50.004035,8.793498,06021 - 36178100,info@kunzmann.de,https://www.kia-kunzmann-dietzenbach.de
Robert Kunzmann GmbH & Co. KG,KIA,Weichertstr. 13,63741,Aschaffenburg,DE,49.986236,9.1576051,06021 - 36171100,info@kunzmann.de,https://www.kia-kunzmann-aschaffenburg.de
MOHAG Motorwagen-Handelsgesellschaft mbH,KIA,Rellinghauser Str. 400,45134,Essen,DE,51.42797,7.041263,0201 - 266010,kia-geschaeftsleitung@mohag.de,https://www.kia-mohag-essen.de
Autohaus Werner Johannes GmbH,KIA,Westendorfer Str. 30,29683,Bad Fallingbostel / Dorfmark,DE,52.899177,9.759688,05163-2004,info@johannes-dorfmark.de,https://www.kia-johannes-dorfmark.de/
AHAG Automobil-Handels-Ges. Egon Gladen GmbH & Co. KG,KIA,Hattinger Str. 386b,44795,Bochum,DE,51.4450573,7.1942666,0234-6014000,info@ahag-kia.de,https://ahag-group.de/kia
Autohaus Staiger GmbH,KIA,Dornierstraße 16,73730,Esslingen,DE,48.718018,9.346503,0711 - 931350,svenja.garczyk@autostaiger.de,https://www.kia-staiger-esslingen.de
Autoarena Ingolstadt Filiale der Autoarena München GmbH,KIA,Manchinger Str. 115 a,85053,Ingolstadt,DE,48.745668,11.4677675,0841-37079901,info@autoarena-ingolstadt.de,https://kia.autoarena-ingolstadt.de/
Autohaus Staiger GmbH,KIA,Schüttelgrabenring 2,71332,Waiblingen,DE,48.82243994715542,9.317679884851627,07151-17030,svenja.garczyk@autostaiger.de,https://www.kia-staiger-waiblingen.de
Autohaus Staiger GmbH,KIA,Mahdentalstraße 70,71065,Sindelfingen,DE,48.706879820906984,9.022624182997824,07031-86620,svenja.garczyk@autostaiger.de,https://www.kia-staiger-sindelfingen.de
Autohaus Staiger GmbH,KIA,Lorcher Straße 99,73525,Schwäbisch Gmünd,DE,48.796338296730426,9.781084383000197,07171-911810,svenja.garczyk@autostaiger.de,https://www.kia-staiger-waiblingen.de
ahg Autohandelsgesellschaft mbH ,KIA,Hermann-Mitsch-Straße 17 ,79108,Freiburg im Breisgau ,DE,48.024449,7.8383716,0761 - 885040 ,kia-freiburg@ahg-mobile.de,https://www.kia-ahg-freiburg.de
ahg Autohandelsgesellschaft mbH ,KIA,Auf Herdenen 2 ,78052 ,Villingen-Schwenningen ,DE,48.0765693,8.5005857,07721 - 95940 ,kia-villingen-schwenningen@ahg-mobile.de,https://www.kia-ahg-villingen-schwenningen.de
ahg Autohandelsgesellschaft mbH ,KIA,Schaffhausenstraße 111 ,72072 ,Tübingen ,DE,48.5179733,9.0809365,07071 - 9425770,kia-tuebingen@ahg-mobile.de,https://www.kia-ahg-tuebingen.de/
Ernst Dello GmbH & Co. KG,KIA,Altonaer Str. 209-211,24539,Neumünster,DE,54.05312,9.97657,04321 - 99840,neumuenster@dello.de,https://www.kia-dello-neumuenster.de/
ahg Autohandelsgesellschaft mbH,KIA,Nagolder Straße 57 ,71131,Jettingen ,DE,48.5792,8.7779645,07452 - 89660,kia-jettingen@ahg-mobile.de,https://www.kia-ahg-jettingen.de/
Auto Krälemann GmbH,KIA,Römerstraße 1a,59075,Hamm,DE,51.688817,7.7772825,02381/87783-0,verkauf.kia@auto-kraelemann.de,https://www.kia-kraelemann-hamm.de
AHAG Automobil-Handels-Ges. Egon Gladen GmbH & Co. KG,KIA,Kurt-Schumacher-Str. 382 ,45897,Gelsenkirchen ,DE,51.570259,7.0561461,,,https://ahag-group.de/kia
Auto Maibom OHG,KIA,Bedburger Weide 55,47551,Bedburg-Hau,DE,51.7714201,6.1857119,02821 - 749930 ,kia@maibom-gruppe.de,https://www.kia-maibom-kleve.de/
Autohaus Eifel Mosel GmbH ,KIA,Koblenzer Straße 168 ,56727,Mayen ,DE,50.328094,7.2387018,02651 - 95950,mayen@eifelmosel.de,https://www.kia-eifelmosel-mayen.de
Feser-Graf Metropol GmbH,KIA,Felix-Klein-Str. 74 ,91058,Erlangen,DE,49.5744056,10.993658,09131 - 64463,dietmar.scharf@feser-graf.de ,https://www.kia-feser-scharf-metropol-erlangen.de
Performance Center GmbH,KIA,Grebbecker Weg 5,58509,Lüdenscheid,DE,51.2350428,7.6082586,02351-965777,info@performancecenter.de,https://www.kia-performance-luedenscheid.de
Auto Hemmerle GmbH,KIA,Wasserburger Landstraße 137-141,81827,München,DE,48.1184071715324,11.689223110589,,,https://www.kia-hemmerle-muenchen.de
Fischer Autohaus in Guben Inh. Dirk Fischer e.K.,KIA,Alte Poststraße 1D ,15890,Eisenhüttenstadt,DE,52.15267,14.630474,03364-7705810,d.fischer@fischerautohaus.de,https://www.kia-fischer-eisenhuettenstadt.de
Ruprecht Tretter Autohaus GmbH & Co. KG,KIA,Lise-Meitner-Straße 2 ,76829,Landau in der Pfalz ,DE,49.191143,8.1348524,06341 - 510999,info.landau@tretter-automobile.de,https://www.kia-tretter-landau.de
Autohaus Brüggemann GmbH & Co. KG,KIA,Einsteinstraße 1,49835,Wietmarschen-Lohne,DE,52.480677,7.205414,05908 - 937350,d.ehlers@autohaus-brueggemann.de,https://www.kia-brueggemann-wietmarschen-lohne.de/
Walter Schneider Seelbach GmbH & Co. KG,KIA,Freudenberger Straße 494,57072,Siegen,DE,50.8837813,7.96462923,0271-375110,team-seelbach@walter-schneider.de,https://www.kia-walterschneider-siegen.de
Procar Automobile Movement GmbH,KIA,Düsseldorfer Straße 2,40721,Hilden,DE,51.16591,6.9219495,02103 - 5020,hilden@kia-procar.de,https://www.kia-procar-hilden.de
Autohaus Mühlenbein + Sohn GmbH,KIA,Klingenbergstr. 15,32758,Detmold,DE,51.947593688964844,8.855470657348633,05231 70930,info@autohaus-muehlenbein.de,https://www.kia-muehlenbein-detmold.de/
Auto- und Motorradhaus Borchardt GmbH,KIA,Dielinger Str. 1 ,32351,Stemwede ,DE,52.446189,8.3462572,,,www.kia-borchardt-stemwede.de
Autohaus Cyran GmbH,KIA,Borgwardstraße 1,48599,Gronau,DE,52.200551,7.0695157,02562 - 9922630,,https://www.kia-cyran-gronau.de/
Autohaus Elstermann GmbH,KIA,Küstenkanalstraße 92-93,26188,Edewecht OT Klein-Scharrel,DE,53.093597,8.079245,04486 - 921390,info@autohaus-elstermann.de,https://www.kia-elstermann-edewecht.de
Horst Wahl GmbH & Co. KG,KIA,Ihringshäuser Straße 153-159,34125,Kassel,DE,51.33304214477539,9.51354694366455,,,https://www.wahl-group.de/kia
Procar Automobile Movement GmbH,KIA,Sassenberger Strasse 77 ,48231,Warendorf ,DE,51.955566,8.00222301,02581 - 93490,warendorf@kia-procar.de,https://www.kia-procar-warendorf.de
Procar Automobile Movement GmbH,KIA,Eichenhofer Weg 1-7,45549,Sprockhövel ,DE,51.312564,7.2664694,02339-91830,sprockhoevel@kia-procar.de,https://www.kia-procar-sprockhoevel.de
Procar Automobile Movement GmbH,KIA,Lübecker Straße 16 ,41540,Dormagen ,DE,51.093509,6.8134298,02133 - 53010,dormagen@kia-procar.de,https://www.kia-procar-dormagen.de
Procar Automobile Movement GmbH,KIA,Holsterhauser Str. 210,44625,Herne,DE,51.531478,7.2037582,02325 - 641550,herne@procar-automobile.de,https://www.kia-procar-herne.de
Autohaus Markus Fugel e.K.,KIA,Hofer Straße 7c,09224,Chemnitz-Mittelbach,DE,50.802607,12.806693,0371 - 815110,info@fugel-gruppe.de,https://www.kia-fugel-chemnitz.de/
Autohaus Schunke GmbH,KIA,Zu den Norderstücken 2,26607,Aurich,DE,53.501034,7.485864,04941 - 990 21 10,info@auto-schunke.de,https://www.kia-schunke-aurich.de/
Autohaus Dinnebier GmbH,KIA,Großbeerenstr. 148-158,12277,Berlin-Mariendorf,DE,52.43079,13.37569,030 - 3467100,anfragen.grossbeerenstr@dinnebiergruppe.de,https://www.kia-dinnebier-berlin-mariendorf.de
Autohaus am Lichtenberg GmbH,KIA,Lichtenberg 32,41747,Viersen,DE,51.248104,6.3854026,02162 - 93300,,https://www.kia-autohaus-lichtenberg-viersen.de
AHAG Münsterland GmbH,KIA,Dammweg 1,48249,Dülmen,DE,51.8221973,7.268126,02594 789090,info@ahag-duelmen.de,https://ahag-group.de/kia
Autohaus Schüppler GmbH,KIA,Am Stadtbruch 19,34471,Volkmarsen,DE,51.402744,9.107238,05693 / 98850,info@autohaus-schueppler.de,https://www.kia-schueppler-volkmarsen.de/
Autohaus Gebr. Barth GmbH,KIA,Zum Wiesenhof 82a,66663,Merzig,DE,49.45911,6.624313,06861 - 915160,info@autohaus-barth.de,https://www.kia-barth-merzig.de/
Autohaus Günther GmbH,KIA,Ausschläger Weg 49,20537,Hamburg,DE,53.54985046386719,10.036576271057129,040 - 66 90 766 -0,info@guenther-gruppe.de,https://www.kia-guenther-hamburg.de/
Autohaus Günther GmbH ,KIA,Poppenbütteler Bogen 33,22399,Hamburg,DE,53.670440673828125,10.069573402404785,040 / 6366960,info@guenther-gruppe.de,https://www.kia-guenther-hamburg-poppenbuettel.de/
Autohaus Günther GmbH,KIA,An der Strusbek 4,22926,Ahrensburg,DE,53.687278747558594,10.266168594360352,04102 78794-50,info@guenther-gruppe.de,https://www.kia-guenther-ahrensburg.de/
Moll Motors GmbH,KIA,Maarweg 241-251,50825,Köln,DE,50.948951721191406,6.89772367477417,0221-292750,info@moll-motors.de,https://www.kia-moll-koeln.de/
Autohaus Gotthard König GmbH,KIA,Sophie-Charlotten-Straße 26,14059,Berlin,DE,52.5164307,13.2865707,030 30103986-0,denis.horbasch@autohaus-koenig.de,https://www.kia-koenig-berlin.de/
Zumbült Auto Arena GmbH,KIA,Neubeckumer Straße 49,59269,Beckum,DE,51.7679634,8.0408391,02521 9383-0,info@zumbuelt.com,https://www.kia-zumbuelt-beckum.de/
Autohaus Konrad GmbH,KIA,Magdeburger Str. 17,06484,Quedlinburg,DE,51.789991,11.162079,03946 - 96470,a.konrad@teamkonrad.com,https://www.kia-konrad-quedlinburg.de/
Auto-Center-Lange GmbH,KIA,Am Müggelpark 45,15537,Gosen,DE,52.39509,13.720429,03362 - 880020,kia@ac-lange.de,https://www.kia-lange-gosen.de/
Orth Automobile GmbH,KIA,Rudolfstraße 5 ,65510,Idstein ,DE,50.223728,8.2558784,06126 - 401000, info@orth-automobile.de,https://www.kia-orth-idstein.de
Autohaus Range GmbH,KIA,Wolfhager Straße 7,34560,Fritzlar,DE,51.138301,9.2744474,05622 - 995970,info@autohaus-range.de,https://www.kia-range-fritzlar.de
Südmobile GmbH,KIA,Robert-Gerwig-Str. 2,78315 ,Radolfzell,DE,47.745681,8.952801,07732 - 99750 ,kia@suedmobile.de,https://www.kia-suedmobile-radolfzell.de/
Autohaus Schunke GmbH,KIA,Thüringer Straße 10,26723,Emden ,DE,53.362239,7.1671347,,,https://www.kia-schunke-emden.de
ahg Autohandelsgesellschaft mbH,KIA,Senefelderstraße 2 ,73760,Ostfildern,DE,48.729892,9.2430906,0711 - 449830,kia-ostfildern@ahg-mobile.de,https://www.kia-ahg-ostfildern.de
Auto Möller Weimar GmbH,KIA,Landhausallee 1,99425,Weimar,DE,50.980636556299,11.378834329020922,03643-878730,info-we@autohausmoeller.de,https://www.kia-moeller-weimar.de/
Levy Motor Company Rheinland GmbH,KIA,Raderberggürtel 4,50968,Köln,DE,50.903835,6.9606661,0221-999950-0,koeln@motorcompany.de,https://www.kia-levy-koeln.de/
Horst Wahl GmbH & Co. KG ,KIA,Müschener Str. 2 ,65555,Limburg an der Lahn ,DE,50.410403,8.0668823,06431 9155-0,,https://www.wahl-group.de/kia
Franz Rüschkamp GmbH & Co. KG,KIA,Schachtstraße 1,59379,Selm,DE,51.6858073,7.46522931,02592 - 9340,info@autohaus-rueschkamp.de,https://www.kia-rueschkamp-selm.de/
Hakvoort GmbH,KIA,Hauptstraße 21 ,53639,Königswinter,DE,50.69872267997548,7.175886853037517,,,https://www.hakvoort-gruppe.de/kia
Autohaus Konrad GmbH,KIA,Klusstr. 67,38820,Halberstadt,DE,51.883776,11.056364,03941 - 56560,info@teamkonrad.com,https://www.kia-konrad-halberstadt.de/
Automobile Baumann GmbH,KIA,Marler Str. 131a,46282,Dorsten,DE,51.657267,7.007465,02362 - 99290,info@automobile-baumann.de,https://www.kia-baumann-dorsten.de/
Autohaus Brüggemann GmbH & Co. KG,KIA,Schutower Str. 9,18069,Rostock,DE,54.106087,12.067623,0381 - 637390,rostock@autohaus-brueggemann.de,https://www.kia-brueggemann-rostock.de/
Autohaus Arnold GmbH,KIA,Hauptstr. 100,84088,Neufahrn,DE,48.727902,12.18946,08773 - 1260,info@autohaus-arnold.de,https://www.kia-arnold-neufahrn.de/
Beständig Automobile GmbH & Co.KG,KIA,Industriestr. 43,97437,Haßfurt,DE,50.0343,10.530378,09521 - 94980,kia@bestaendig.eu,https://www.kia-bestaendig-hassfurt.de/
Automobile R.Günther GmbH,KIA,Auf der Heide 1,37351,Dingelstädt,DE,51.30890829777978,10.325120568275459,036075 - 3930,info@guenther-automobile.de,https://www.kia-guenther-dingelstaedt.de/
MAPO GmbH & Co. KG,KIA,Industriestraße 17,94469,Deggendorf,DE,48.8515039,12.9584496,0991-9989360,deg@maiermobil.de,https://www.kia-maier-deggendorf.de/
Autohaus Wigger GmbH,KIA,Lindbruch 1,18273,Güstrow,DE,53.813299,12.190537,03843 - 46510,info@kia-wigger.de,https://www.kia-wigger-guestrow.de/
Auto Möller Gotha GmbH & Co. KG,KIA,Rudloffstr. 25,99867,Gotha,DE,50.9256769,10.7184186,03621 - 72130,info-gotha@autohausmoeller.de,https://www.kia-moeller-gotha.de/
Autohaus Neff GmbH,KIA,Lise-Meitner-Str. 26,74074,Heilbronn,DE,49.121678,9.21915,07131 - 390500,kia@auto-neff.de,https://www.kia-neff.de/
Auto-Center Grimmen GmbH & Co. HanseAuto KG,KIA,An den Bäckerwiesen 8,17489,Greifswald,DE,54.071083,13.390394,03834 57210,info@hansecar.de,https://www.kia-acg-greifswald.de
Viets Automobile & Service GmbH,KIA,Hauptstr. 34,27386,Brockel,DE,53.094855,9.521638,04266 - 93910,brockel@viets-automobile.de,https://www.kia-viets-brockel.de/
Autohaus Konrad GmbH,KIA,Ermslebener Str. 86,06449,Aschersleben,DE,51.799966,11.450525,03473 - 92920,info@teamkonrad.com,https://www.kia-konrad-aschersleben.de/
Autohaus Reckhaus Erwitte Inh. Michael Reckhaus e.K.,KIA,Hellweg 75,59597,Erwitte,DE,51.6144766,8.3485935,02943 87020-0,info@reckhaus-erwitte.de,https://www.kia-reckhaus-erwitte.de/
Autohaus Luchtenberg GmbH,KIA,Ottostr. 7,51381,Leverkusen,DE,51.057569,7.018206,02171 - 790330,info@auto-luchtenberg.de,https://auto-luchtenberg.de/marken/kia/
Autohaus Krumbiegel GmbH,KIA,Daniel-Wilhelm-Beck-Str. 1,04720,Döbeln,DE,51.120024,13.147496,03431 - 71670,info@autohauskrumbiegel.de,https://www.kia-krumbiegel-doebeln.de/
Autohaus Bernhard Dettmann GmbH & Co. KG,KIA,Tettenbachstr. 11-15,44329,Dortmund,DE,51.566838,7.537898,0231 - 23716 (auch WhatsApp),info@autohaus-dettmann.de,https://www.kia-dettmann-dortmund.de/
Autohaus Holsten GmbH,KIA,Dorfstraße 87,27432,Oerel,DE,53.493108,9.069827,04761 / 98550,s.schander@autohaus-holsten.de,https://www.kia-holsten-oerel.de
Autohaus Brüggemann GmbH & Co. KG,KIA,Lindenhorster Str. 43,44147,Dortmund,DE,51.541264,7.453172,0231 - 84900,dortmund@autohaus-brueggemann.de,https://www.kia-brueggemann-dortmund.de/
Autohaus Meures GmbH,KIA,Ferdinand-Porsche-Str. 6,52525,Heinsberg,DE,51.067152,6.102857,02452 - 99910,info@autohaus-meures.de ,https://www.kia-meures-heinsberg.de/
Dürkop GmbH Filiale Berlin-Prenzlauer Berg,KIA,Goethestr. 5-7,10409,Berlin,DE,52.5509024,13.4333939,030 - 4218090,info-prenzlauerberg@duerkop.de,https://www.kia-duerkop-berlin-prenzlauerberg.de/
Autohaus Arnold GmbH,KIA,Eichenbühl 1,92331,Parsberg-Lupburg,DE,49.1767,11.731195,09492 / 60156-0,info.parsberg@autohaus-arnold.de,https://www.kia-arnold-parsberg.de/
Autohaus Schlattmann GmbH & Co. KG,KIA,Buersche Str. 16,49324,Melle,DE,52.207298,8.34606,05422 / 94100,info@auto-schlattmann.de,https://www.kia-schlattmann-melle.de/
Autohaus Brüggemann GmbH & Co.KG,KIA,Steinstr. 4,17036,Neubrandenburg,DE,53.545165,13.312876,0395 - 769660,neubrandenburg@autohaus-brueggemann.de,https://www.kia-brueggemann-neubrandenburg.de/
MAPO GmbH & Co.KG,KIA,Bergfeldstraße 7,93413,Cham,DE,49.2017795,12.6665023,09971 - 89090,cham@maiermobil.de,https://www.kia-maier-cham.de/
Hugo Pfohe GmbH,KIA,Niendorfer Str. 147,22848,Norderstedt,DE,53.66639,9.973789,040 - 5280070,t.weitz@hugopfohe.de ,https://www.kia-pfohe-norderstedt.de/
Horst Wahl GmbH & Co. KG,KIA,Willi-Bleicher-Straße 1,52353,Düren,DE,50.835903,6.4674005,2421 - 506910,kia.dueren@wahl-group.de,https://www.wahl-group.de/kia
Autohaus Kuchenbecker GmbH & Co. KG,KIA,Langewahler Str. 19a,15517,Fürstenwalde,DE,52.350384,14.075167,03361 - 74970,fuerstenwalde@kia-kuchenbecker.de,https://www.kia-kuchenbecker-fuerstenwalde.de
Schönauen Autohaus GmbH & Co. KG,KIA,Kottendorfer Str. 2-6,42697,Solingen,DE,51.1675621,7.004114,0212 - 223240,info@schoenauen.com,https://www.kia-schoenauen-solingen.de/
Dürkop GmbH,KIA,Helmstedter Str. 60,38126,Braunschweig,DE,52.250547,10.59176,0531 - 7030,info-braunschweig@duerkop.de,https://www.kia-duerkop-braunschweig.de/
Auto-Schmid GmbH,KIA,Landsberger Str. 432,81241,München,DE,48.14570455991098,11.473936230390635,089 – 45 24 25 0,muenchen@autoschmidgmbh.de,https://www.kia-schmid-muenchen.de
Auto-Schmid GmbH,KIA,Sportplatzstr. 4,85635,Höhenkirchen,DE,48.023343,11.702487,08102 - 89580,info@autoschmidgmbh.de,https://www.kia-schmid-hoehenkirchen.de/
Motor Center Heinen GmbH,KIA,Konrad-Adenauer-Ring 20,58135,Hagen,DE,51.349224,7.44321,02331 - 484660,kai.siebeck@heinen-nrw.de,https://www.kia-heinen-hagen.de
Busenius Automobile GmbH,KIA,Mühlhofe 2,58540,Meinerzhagen-Valbert,DE,51.11245,7.799072,02358 - 90910,a.busenius@busenius.de,https://www.kia-busenius-meinerzhagen.de/
Dürkop GmbH Filiale Hoppegarten,KIA,Neuer Hönower Weg 10,15366,Dahlwitz-Hoppegarten,DE,52.501669,13.642409,03342 - 354267,info-hoppegarten@duerkop.de,https://www.kia-duerkop-hoppegarten.de/
Auto Köchling GmbH & Co. KG,KIA,Hoppecker Str. 47,59929,Brilon,DE,51.390325,8.574636,02961 - 97710,info@auto-koechling.de,https://www.kia-koechling-brilon.de
Auto Köchling GmbH & Co. KG,KIA,Lindenstr. 11,33142,Büren,DE,51.557433,8.562496,02951 - 98550,info@auto-koechling.de,https://www.kia-koechling-bueren.de/
Hugo Pfohe GmbH,KIA,Friedrich-Ebert-Damm 190,22047,Hamburg-Wandsbek,DE,53.590009,10.103216,040-669680,wandsbek@hugopfohe.de,https://www.kia-pfohe-hamburg.de
Fischer Autohaus in Guben Inh. Dirk Fischer e.K.,KIA,Am Doll 9,03042,Cottbus,DE,51.761348,14.346433,0355 - 72990494,info-cottbus@fischerautohaus.de,https://www.kia-fischer-cottbus.de/
Petrick KG Automobil- und Motorradvertrieb,KIA,Alte Volksparkstraße 14-22,22525,Hamburg,DE,53.592838,9.925203,040 5472570,info@petrick-hamburg.de,https://www.kia-petrick-hamburg.de
Autohaus Osters GmbH,KIA,Püttkesberge 5,49751,Sögel,DE,52.832817,7.510238,05952 - 1254,info@autohaus-osters.de,https://www.kia-osters-soegel.de/
Autohaus Schafstall GmbH,KIA,An Gut Neuenhof 1a,50189,Elsdorf,DE,50.935879,6.577003,02271 - 42122,info@autohaus-schafstall.de,https://kiaschafstall.de/
Werner Automobile GmbH,KIA,Haferwende 35,28357,Bremen Horn-Lehe,DE,53.106972,8.881713,0421 - 9854050,kia-bremen@wernerautomobile.de,www.kia-zentrum-bremen.de 
Automarkt 2000 GmbH,KIA,Waldshuter Str. 14,79761,Waldshut-Tiengen,DE,47.624644,8.263464,07741 - 680350,buero@automarkt2000.de,https://www.kia-automarkt2000-waldshut-tiengen.de
Auto Peitzmeyer GmbH,KIA,Kanalstr. 38-42,32545,Bad Oeynhausen,DE,52.206257,8.784409,05731 - 21310,kia@peitzmeyer.de,https://www.kia-peitzmeyer-badoeynhausen.de/
Werner Automobile GmbH,KIA,Barkhausenstr. 103,27568,Bremerhaven,DE,53.559286,8.564143,0471 - 9241930,bremerhaven@wernerautomobile.de ,www.kia-zentrum-bremerhaven.de 
Autohaus Hans-Werner Rahaus,KIA,Bahnhofstr. 73,99955,Bad Tennstedt,DE,51.151966,10.847257,036041 - 3730,hwrahaus@auto-rahaus.de,https://www.kia-rahaus-badtennstedt.de/
Dürkop GmbH Filiale Eberswalde,KIA,Freienwalderstr. 82,16225,Eberswalde,DE,52.827083,13.841196,03334-58610,info-eberswalde@duerkop.de,https://www.kia-duerkop-eberswalde.de/
WAS Werner Automobil-Service GmbH,KIA,Hauptstraße 20-22,28816,Stuhr-Seckenhausen,DE,52.9939405,8.7606661,0421-807670,stuhr@wernerautomobile.de,https://www.kia-werner-stuhr-seckenhausen.de
Doris Gorny GmbH,KIA,Ulmer Str. 62,73054,Eislingen/Fils,DE,48.691977,9.714535,07161 / 80080,info@autohaus-gorny.de,https://www.kia-gorny-eislingen.de
Autohaus am Main FH GmbH,KIA,Anton-Flettner-Str. 12,65479,Raunheim,DE,50.011881,8.441578,06142 - 94690,info@autohaus-am-main.de,https://www.kia-main-raunheim.de
Autohaus Leiber GmbH,KIA,Carl-Benz-Str. 2,78576,Emmingen,DE,47.9343834,8.8601909,07465 - 1624,info@autohaus-leiber.de,https://www.kia-leiber-emmingen.de/
Beständig Automobile GmbH & Co. KG,KIA,Händelstr. 1,97469,Gochsheim,DE,50.02354,10.272718,09721 - 64010,kia@bestaendig.eu,https://www.kia-bestaendig-gochsheim.de
Auto-Center-Nord GmbH,KIA,Güterbahnhofstr. 45,01968,Senftenberg,DE,51.528336,14.008998,03573 - 794480,kia@acnord.de,https://www.kia-senftenberg-nord.de
Gleich Automobile GmbH,KIA,Ferdinand-Lassalle-Str. 59,72770,Reutlingen,DE,48.487888,9.150369,07121 - 56760,info@gleich-automobile.de,https://www.kia-gleich-reutlingen.de
Autohaus Hakelberg GmbH,KIA,Eitzer Str. 217,27283,Verden,DE,52.908158,9.262347,04231 - 64018,haldis.hakelberg@ah-hakelberg.de,https://www.kia-hakelberg-verden.de/
Autohaus Burian e.K,KIA,Werner-Nordmeyer-Str. 11,31226,Peine,DE,52.31242,10.213886,05171 - 950500,info@kia-peine.de ,https://www.kia-burian-peine.de/
Autohaus Riemann e.K.,KIA,Lise-Meitner-Str. 4,49661,Cloppenburg,DE,52.837704,8.06985,04471 -184080,team-kia@autohaus-riemann.de,https://www.kia-riemann-cloppenburg.de
Car-Center Wismar GmbH,KIA,Flinkerskoppel 1,23970,Wismar,DE,53.875593,11.449475,03841 - 72920,info@car-center-wismar.de,https://www.kia-car-center-wismar.de
Hermann Jansen GmbH & Co. KG,KIA,Rheiner Str. 43-45,49809,Lingen,DE,52.513274,7.318213,0591 - 800670,info@auto-jansen.de,https://www.kia-jansen-lingen.de
Automobile Tierhold GmbH,KIA,Unterer Talweg 48,86179,Augsburg,DE,48.318546,10.892216,0821-808990,info@tierhold.com,https://www.kia-tierhold-augsburg.de/
Autohaus Mittelsdorf e.K.,KIA,Defertshäuser Weg 6,98617,Meiningen,DE,50.5852,10.41094,03693 - 44660,info@autohaus-mittelsdorf.de,https://www.kia-mittelsdorf-meiningen.de/
Kögler Autowelt GmbH,KIA,Dieselstraße 25,61169,Rosbach,DE,50.294062,8.6928,06003 / 59039 - 992,kia@kia-koegler.de,https://kia-koegler.de/
Autohaus Souren GmbH,KIA,Am Gut Wolf 10,52070,Aachen,DE,50.790171,6.101683,0241 - 938680,info@autohaus-souren.de,https://www.kia-souren-aachen.de
Autohaus Günther GmbH,KIA,Gärtnerstr. 165,25469,Halstenbek,DE,53.628961,9.866474,04101 - 47800,info@guenther-gruppe.de,https://www.kia-guenther-halstenbek.de
Autohaus Mocker GmbH,KIA,Schlachthofstr. 5,95100,Selb,DE,50.170879,12.118033,09287 - 70836,info@autohaus-mocker.de,https://www.kia-mocker-selb.de
Autohaus Möller GmbH,KIA,Friedrich-Glenck-Str. 3,99087,Erfurt,DE,51.0326996,11.0390438,0361 - 54122200,mmoeller@autohausmoeller.de,https://www.kia-moeller-erfurt.de/
Auto-Koch GmbH & Co. KG,KIA,Auf dem Felde 75,52249,Eschweiler,DE,50.8363727,6.2446937,02403 / 50580,info.eschweiler@auto-koch.com,https://kia.auto-koch.com/
"Autohaus Gräßlin, Inhaber Peter Gräßlin",KIA,Mittlerer Weg 28,79424,Auggen,DE,47.79127220345639,7.59154938035334,07631 - 12812,info@autohaus-graesslin.de,https://www.kia-graesslin-auggen.de
Automobile Engbert GmbH,KIA,Castroper Straße 349,45711,Datteln,DE,51.668724,7.354158,02363 - 36560,info@automobile-engbert.de,https://www.kia-engbert-datteln.de/
Autocenter Dresen GmbH,KIA,Moselstr. 9,41464,Neuss,DE,51.181657,6.679214,02131 - 7999600,kia-neuss@dresen.de,https://www.kia-dresen-neuss.de/
Auto Schmitz GmbH,KIA,Otto-Lilienthal-Str. 45,46539,Dinslaken,DE,51.567949,6.752196,02064 - 60970 ,mail@kia-schmitz.de,https://www.kia-schmitz-dinslaken.de
Dürkop GmbH Filiale Berlin Rummelsburger Landstraße,KIA,Rummelsburger Landstr. 112,12459,Berlin,DE,52.473416,13.509163,030-53891317,info-rummelsburg@duerkop.de,https://www.kia-duerkop-berlin.de/
Dürkop GmbH Filiale Bernau,KIA,Mühlenstr. 30,16321,Bernau,DE,52.681877,13.581371,03338 - 39090,info-bernau@duerkop.de,https://www.kia-duerkop-bernau.de/
Dürkop GmbH Filiale Goslar,KIA,Bornhardtstr. 4,38644,Goslar,DE,51.924453,10.417845,05321 - 5540,info-goslar@duerkop.de,https://www.kia-duerkop-goslar.de/
Dürkop GmbH Filiale Hannover,KIA,Am Listholze 26-30,30177,Hannover,DE,52.397898,9.763857,0511 - 696360,info-hannover@duerkop.de,https://www.kia-duerkop-hannover.de/
Preckel Automobile GmbH,KIA,Monschauer Str. 34,41068,Mönchengladbach,DE,51.19403,6.4096,02161 - 93910,anfragen@preckel.de,https://www.kia-preckel-moenchengladbach.de
Bekemeier Automobile GmbH & Co. KG,KIA,Am Zollamt 4 ,32312,Lübbecke ,DE,52.309547,8.6341114,,,https://www.kia-bekemeier-luebbecke.de/
Settele KFZ GmbH & Co. KG,KIA,Reuttier Str. 105,89231,Neu-Ulm,DE,48.3852154,10.0190905,0731-20559950,info@settele-kfz.de,https://www.kia-settele-neu-ulm.de/
Autohaus am Olympiapark GmbH ,KIA,Georg-Brauchle-Ring 68 ,80992 ,München ,DE,48.176322,11.528713,,,https://kia.autohaus-olympiapark.de/
Autohaus Dinnebier GmbH ,KIA,Siegfriedstraße 79 ,10365,Berlin-Lichtenberg,DE,52.523754,13.499618,030-557670,,https://www.kia-dinnebier-berlin.de/
Autohaus Dinnebier GmbH ,KIA,Grünstraße 1/25 ,14482,Potsdam ,DE,52.3838,13.11205,0331 - 704440 ,anfrage@dinnebiergruppe.de,https://www.kia-dinnebier-potsdam.de/
Autohaus Gotthard König GmbH,KIA,Eisenhutweg 128,12487,Berlin,DE,52.4293141,13.5136163,030 4004750,jens.tauchnitz@autohaus-koenig.de,https://www.kia-koenig-berlin-adlershof.de 
Procar Automobile Movement GmbH,KIA,Willettstraße 7,40822,Mettmann,DE,51.25488,6.95212,02104 - 83340,mettmann@kia-procar.de,https://www.kia-procar-mettmann.de
CAR Avenue Autohaus GmbH,KIA,Römerstraße 47,54516,Wittlich,DE,49.9771728515625,6.889621257781982,06571-14680,info.autohaus@caravenue.com,https://www.kia-caravenue-wittlich.de/
CAR Avenue Autohaus GmbH,KIA,Narzissenweg 20,53881,Euskirchen,DE,50.6476038,6.8020363,02251 94670 ,info.autohaus@caravenue.com,https://www.kia-caravenue-euskirchen.de/
Autohaus Gotthard König GmbH,KIA,Oderstraße 55,14513,Teltow,DE,52.3997197,13.2400596,03328-33100-0,empfang.teltow@autohaus-koenig.de,https://www.kia-koenig-teltow.de/
Autohaus Frascoia GmbH & Co. KG,KIA,Binzigstraße 25,77876,Kappelrodeck,DE,48.59784505108617,8.111804110514115,07842 - 594980,verkauf@autohaus-frascoia.de,https://www.kia-frascoia-kappelrodeck.de/
Auto Bebion Nürtingen GmbH,KIA,Siemensstraße 12,72636,Frickenhausen,DE,48.597755432128906,9.358254432678223,07022 - 943460,info@auto-bebion.de,https://www.kia-bebion-frickenhausen.de
Autohaus Ebner GmbH,KIA,Kartonstraße 1,88255,Baienfurt,DE,47.830743,9.658858,0751 5600922,c.ebner@ebner-autohaus.de,https://www.kia-ebner-baienfurt.de/
DS Automobile Inh. Antonio Mazzone e.K.,KIA,Lindenstraße 46,68623 ,Lampertheim/Hofheim,DE,49.654302,8.402128,06241-985302,verkauf@ds-automobile.net ,https://www.kia-ds-lampertheim.de
Ernst Dello GmbH & Co. KG,KIA,Töpferweg 65,23558,Lübeck,DE,53.861616,10.665083,0451 - 880080,kia-luebeck@dello.de,https://www.kia-dello-luebeck.de
Ernst Dello GmbH & Co. KG,KIA,Simonsberger Straße 1,25813,Husum,DE,54.471703,9.050216,04841 - 83925-0,husum@dello.de,https://www.kia-dello-husum.de/
Ernst Dello GmbH & Co. KG,KIA,Hamburger Straße 123 - 127,25746,Heide,DE,54.197871,9.116796,0481 - 8544-0,heide@dello.de,https://www.kia-dello-heide.de/
Ernst Dello GmbH & Co. KG,KIA,Senefelder-Ring 1 ,21465,Reinbek,DE,53.531516,10.237336,040 - 727606-0,sven.polachowski@dello.de,https://www.kia-dello-reinbek.de
Autohaus Raab GmbH,KIA,Gottlieb-Keim-Straße 22 ,95448,Bayreuth,DE,49.91441345214844,11.609527587890625,0921-9900820,info.bayreuth@auto-raab.de,https://www.kia-raab-bayreuth.de
Autohaus Bleker GmbH,KIA,Nordring 223,46325,Borken,DE,51.846508,6.8464155,02861 - 808750,,https://www.kia-bleker-borken.de
Autohaus Bleker GmbH,KIA,Im Königsesch 4,46395,Bocholt,DE,51.8291053,6.62975931,02871 - 2345778,,https://www.kia-bleker-bocholt.de
Autohaus Bruns GmbH,KIA,Daimlerstr. 34,91301,Forchheim,DE,49.700964,11.064442,09191 - 2436,autohaus-bruns@t-online.de,https://www.kia-bruns-forchheim.de
Autohaus Putzlacher GmbH & Co. KG ,KIA,Hutwiesenstr. 19,71106,Magstadt,DE,48.745571,8.975764,07159 - 42325,info@autohaus-putzlacher.de,https://www.kia-putzlacher-magstadt.de/
Auto Löffler GmbH,KIA,Nürnberger Str. 106,97076,Würzburg,DE,49.798076,9.989456,0931 200100; Verkauf: 0931 200 10-101,t.dutzki@auto-loeffler.de,https://www.kia-loeffler-wuerzburg.de
Auto Center Weiterstadt GmbH,KIA,Friedrich-Schäfer-Str. 1,64331,Weiterstadt,DE,49.8946516,8.6090393,06151 - 70050,info@acw-team.de,https://www.kia-auto-center-weiterstadt.de
Autohaus Reckhaus Langenberg GmbH & Co. KG,KIA,Reckenberger Str. 22,33449,Langenberg,DE,51.788563,8.334342,05248 - 82180,info@autohaus-reckhaus.de,https://www.kia-reckhaus-langenberg.de
Autohaus Bruns GmbH,KIA,Maschstr. 39,49565,Bramsche,DE,52.41497,7.977911,05461 - 93630,info@autohaus-bruns.de,https://www.kia-bruns-bramsche.de
Autovertrieb G.E.C.A. GmbH,KIA,Fritz-Thyssen-Str. 6-8,45475,Mülheim/Ruhr,DE,51.452148,6.882763,0208 - 9966460,infogeca@geca.de,https://www.kia-ruhrdeichgruppe-muelheim.de/
Autovertrieb G.E.C.A. GmbH,KIA,Max-Peters-Str. 25,47059,Duisburg,DE,51.443309,6.760513,0203 - 318170,infogeca@geca.de,https://www.kia-ruhrdeichgruppe-duisburg.de/
Automobile R.Günther GmbH,KIA,Am langen Rasen 5,99996,Ammern,DE,51.2397061,10.4580267,03601 / 83480,kia@guenther-automobile.de,www.kia-guenther-muehlhausen.de
Autohaus Bellemann GmbH,KIA,Tullastr. 10,67346,Speyer,DE,49.3388404,8.4337298,06232 / 6490-0,speyer@bellemann-speyer.de,https://www.kia-bellemann-speyer.de
Central-Garage Horst Wilhelm GmbH,KIA,Poststr. 33,66687,Wadern,DE,49.535253,6.894113,06871 - 90290,info@wilhelm-wadern.de,https://www.kia-wilhelm-wadern.de
Autohaus Renck-Weindel GmbH,KIA,Meckenheimer Str. 8-12,68199,Mannheim,DE,49.446714,8.50481,0621 - 842020,kontakt@renck-weindel.de,https://www.kia-renck-weindel-mannheim-neckarau.de
"Autohaus Jäger, Inh. Thorsten Jäger e.K.",KIA,Flüttenweg 2,37639,Bevern,DE,51.8524346,9.4864502,05531 - 993011,autohausjaeger@t-online.de,https://www.kia-jaeger-bevern.de
MVZ GmbH & Co. KG (im Hause Vonzumhoff),KIA,Simonsstraße 80,42117,Wuppertal,DE,51.248883,7.128204,0202 - 37300,zentrale@jungmann-vonzumhoff.de,https://www.kia-mvz-wuppertal.de
Motor Center Heinen GmbH,KIA,Zur Alten Kolonie 6,59439,Holzwickede,DE,51.517049,7.619809,02301 - 29660 ,service@heinen-nrw.de,https://www.kia-heinen-dortmund.de
Auto Billwiller GmbH,KIA,Hans-Liebherr-Str. 9,88400,Biberach/Riß,DE,48.091614,9.79467,07351 / 58783-0,info@auto-billwiller.de,https://www.kia-billwiller-biberach.de
Autohaus Holsten GmbH,KIA,Gottlieb-Daimler-Straße 11,21684,Stade,DE,53.578527,9.496526,04141-777733,verkauf@autohaus-holsten.de,https://www.kia-holsten-stade.de
Autohaus Christmann GmbH,KIA,Bruchwiesenstr. 32,67059,Ludwigshafen,DE,49.465837,8.419476,0621 - 66 00 32-0,kia@autohaus-christmann.com,https://www.kia-christmann-ludwigshafen.de
Autohaus Christmann GmbH,KIA,Schönauer Str. 17-19,67547,Worms,DE,49.62674,8.36414,06241 - 26630,kia@autohaus-christmann.com,https://www.kia-christmann-worms.de
Dürkop GmbH Filiale Hildesheim,KIA,Bavenstedter Str. 90,31135,Hildesheim,DE,52.165813,9.975935,05121 - 2040810,info-hildesheim@duerkop.de,https://www.kia-duerkop-hildesheim.de/
Autohaus Krack GmbH,KIA,Reinhard Rube Str. 3,37077,Göttingen,DE,51.561077,9.922642,0551 - 5031170,info@autohaus-krack.de,https://www.kia-krack-goettingen.de
Autohaus Meures GmbH,KIA,Gewerbestr. Süd 62,41812,Erkelenz,DE,51.067695,6.312515,02431 - 96120,info@autohaus-meures.de,https://www.kia-meures-erkelenz.de/
Autohaus Daub GmbH,KIA,Kirschbäumle 2-4,72160,Horb am Neckar,DE,48.458822,8.696921,07451 – 5517 77,kia@autohaus-daub.de,https://www.kia-daub-horb.de
Kfz-Kurt GmbH,KIA,Bochumer Str. 82a,45661,Recklinghausen,DE,51.576697,7.213094,02361 - 30 22 620,verkauf@kfz-kurt.de,https://www.kia-kurt-recklinghausen.de
Autocenter Dresen GmbH,KIA,Friedrich-Ebert-Str. 27,41352,Korschenbroich,DE,51.19397,6.52061,02161 - 992990,autocenter-neuss@dresen.de,https://www.kia-dresen-korschenbroich.de
Autohaus Burian e.K.,KIA,Braunschweiger Heerstraße 49,29221,Celle,DE,52.611031,10.099316,05141-978527-0,info@ah-burian.de,https://www.kia-burian-celle.de
Autohaus Brüggemann GmbH & Co. KG,KIA,Kaiserslauterner Str. 9,14772,Brandenburg,DE,52.438236,12.530122,03381 - 76950,brandenburg@autohaus-brueggemann.de,https://www.kia-brueggemann-brandenburg.de
Auto Hoff GmbH,KIA,Im Speyer 7,54294,Trier,DE,49.74445,6.616513,0651 - 827490,info@hoff-fahrzeuge.de,https://www.kia-hoff-trier.de
Autohaus Pohl GmbH,KIA,Predätzer Weg 3,39288,Burg OT Reesen ,DE,52.285899,11.945163,0 39 21 - 72 99 77 0 ,info@autohauspohl.de,https://www.kia-pohl-burg-reesen.de
Autohaus Breitschwert GmbH & Co. KG,KIA,Rothenburger Str. 35,91555,Feuchtwangen,DE,49.17242,10.3240513,09852 - 67790,info@breitschwert.de,https://www.kia-breitschwert-feuchtwangen.de
Autohaus Dinnebier GmbH,KIA,Saarlandstr. 32-38,16515,Oranienburg,DE,52.73895,13.24968,03301 - 58590,anfragen.oranienburgs@dinnebiergruppe.de,https://www.kia-dinnebier-oranienburg.de
Autohaus Dinnebier GmbH,KIA,Wolfener Str. 13,12681,Berlin-Marzahn,DE,52.555466,13.546511,030/93668890,anfragen.marzahn@dinnebiergruppe.de,https://www.kia-dinnebier-berlin-marzahn.de
Autohaus Heinz Hinte GmbH,KIA,Rastenburger Straße 1,28779,Bremen,DE,53.2143279,8.5829716,Verkauf: 0421/ 33 11 62 70,kia@autohaus-hinte.de,https://www.kia-hinte-bremen.de
Autohaus Dinnebier GmbH,KIA,Karlsruher Str. 25-27,10711,Berlin,DE,52.499314,13.294154,030 - 894087100,kudamm.service@dinnebiergruppe.de ,https://www.kia-dinnebier-berlin-kurfuerstendamm.de
Pro Car Service und Vertriebs GmbH,KIA,Neckarstraße 8,66955,Pirmasens,DE,49.1879358,7.5929303,06331-27000,kia@procar-auto.de,https://www.kia-pro-car-pirmasens.de
Autohaus Stamm GmbH,KIA,Dicke Hecke 20,59755,Arnsberg-Neheim,DE,51.4422,7.96533,02932 - 97020,info@autohausstamm-nrw.de,https://www.kia-stamm-arnsberg-neheim.de
Auto-Schubert GmbH,KIA,Gisselberger Str. 75,35037,Marburg,DE,50.79201,8.75231,06421 - 17180,mr@auto-schubert.de,www.auto-schubert.de/marken/kia
Autocenter Dresen GmbH,KIA,Ellerstr. 73-75,53119,Bonn,DE,50.740843,7.084561,0228 - 26950,autocenter-neuss@dresen.de,https://www.kia-dresen-bonn.de
Hugo Pfohe GmbH,KIA,Pampower Straße 1,19061,Schwerin,DE,53.591124,11.405022,0385 64000,info.schwerin@hugopfohe.de,https://www.kia-pfohe-schwerin.de
Auto Horn GmbH,KIA,Klausdorfer Str. 121,24161,Altenholz,DE,54.406165,10.123569,0431 - 329650,info@auto-horn.de,https://www.kia-horn-altenholz.de
Jähler GmbH,KIA,Berliner Str. 75,07545,Gera,DE,50.88931,12.0787613,0365 - 833070,kontakt@jaehler.com,https://www.kia-jaehler-gera.de/
Auto-Center Grimmen GmbH & Co. Fahrzeughandel KG,KIA,Greifswalder Straße 22,18507,Grimmen,DE,54.111733,13.051264,038326 - 4411,info@grimmen4411.de,https://www.kia-auto-center-grimmen.de
Autohaus Ernst Meier GmbH,KIA,Gewerbestr. 8,86720,Nördlingen,DE,48.8575759,10.5076976,09081 - 290810,info@autohausmeier.com,https://www.kia-meier-noerdlingen.de/
ACB Dornig GmbH,KIA,Brüderstraße 1,08527,Plauen,DE,50.48802,12.13532,03741 - 3070,info@dornig.de,https://www.kia-acb-dornig-plauen.de
Autohaus Renck-Weindel GmbH,KIA,Christian-Friedrich-Schwan Str. 2-4,68167,Mannheim,DE,49.495908,8.500326,0621 - 338410,kontakt@renck-weindel.de,https://www.kia-renck-weindel-mannheim-wohlgelegen.de
Hotz Automobile Gardelegen GmbH,KIA,An der breiten Gehre 5,39638,Gardelegen,DE,52.53928,11.409293,03907 - 72220,info@hotz-gardelegen.de,https://www.kia-hotz-gardelegen.de
Autohaus Perras GmbH,KIA,Dr.-Otto-Schedl-Str. 15,92318,Neumarkt,DE,49.2979763,11.4678949,09181-51001-0,info@perras.de,https://www.kia-perras-neumarkt.de
Autohaus Gotthard König GmbH,KIA,Tornauer Weg 7,06862,Dessau-Roßlau,DE,51.89457,12.22236,034901-8130,empfang.dessau@autohaus-koenig.de,https://www.kia-koenig-dessau-rosslau.de/
Auto Möller GmbH,KIA,Neue Wiese 3,99817,Eisenach,DE,50.99962615966797,10.35645580291748,03691-249200,info@autohausmoeller.de,https://www.kia-moeller-eisenach.de
Autohaus Wilke Inh. Volker Wilke e.K.,KIA,Am Weidenbach 12a,51491,Overath,DE,50.941231,7.294949,02206 - 4926,info@autohaus-wilke.com,https://autohaus-wilke.com/startseite-kia
Autohaus Seitz GmbH,KIA,Dieselstr. 4,63785,Obernburg,DE,49.83401,9.126502,06022/71081-0,info@seitz-autohaus.de,https://www.kia-seitz-obernburg.de
Autohaus Wild GmbH,KIA,Im Hasengarten 3,77815,Bühl,DE,48.71528797,8.120787909,07223-99087-70,info@autohauswild.de,https://www.kia-wild-buehl.de
Auto & Garten Gottschalk e.K.,KIA,Unter den Weinbergen 2,37213,Witzenhausen,DE,51.347043,9.860228,05542 - 507180,info@autogottschalk.de,https://www.kia-gottschalk-witzenhausen.de
G&J Autoservice GmbH,KIA,Bonner Str. 51,53424,Remagen-Rolandseck,DE,50.62898,7.2056213,02228 - 913690,info@autohaus-gj.de,https://www.kia-gj-remagen-rolandseck.de
Autohaus Dähn GmbH & Co. KG,KIA,Am Umspannwerk 6,17291,Prenzlau,DE,53.3439798,13.867408,03984 - 85930,Prenzlau2@autohausdaehn.de,https://www.kia-daehn-goeritz.de
Autohaus Di Leonardo GmbH,KIA,Brückenstr. 2,35606,Solms,DE,50.543122,8.408486,06442 / 25925-0,service@di-leonardo.de,https://www.kia-di-leonardo-solms.de
Autohaus Trinkle GmbH,KIA,Vordere Ramsbachstr. 16,73614,Schorndorf,DE,48.808559,9.515487,07181 - 998770,info@autohaus-trinkle.de,https://www.kia-trinkle-schorndorf.de
Auto Vogt GmbH,KIA,Kreuzkette 2,89435,Finningen OT Mörslingen,DE,48.624167,10.508703,09074 - 2040,m.vogt@autovogt.de,https://www.kia-vogt-finningen.de
Autohaus Engelbart GmbH & Co. KG,KIA,Hasporter Damm 141 ,27755,Delmenhorst,DE,53.0343598,8.6505901,04221 / 689550,kia@autohaus-engelbart.de,https://www.kia-engelbart-delmenhorst.de
MVZ GmbH & Co. KG (im Hause Jungmann),KIA,Heckinghauser Str. 102-110,42289,Wuppertal,DE,51.270795,7.215821,0202 - 962222,info@jungmann-vonzumhoff.de,https://www.kia-jungmann-vonzumhoff-wuppertal-barmen.de
autoForum Wiegers GmbH,KIA,Erbeweg 25,32457,Porta Westfalica,DE,52.2627273,8.8952461,0571 - 388260,info-portawestfalica@wiegers.de,https://wiegers.de/kia
Autozentrum Beilstein Ritter & Gümüs GmbH,KIA,Oberstenfelder Str. 18 (Service: Heerweg 50),71717,Beilstein,DE,49.03671261020678,9.316127287274378,07062 - 9166013 (Service),verkauf@autozentrum-beilstein.de,https://www.kia-ritter-guemues-beilstein.de
Autoservice Eisleben GmbH,KIA,Hallesche Str. 84,06295,Lutherstadt Eisleben,DE,51.521838,11.557941,03475 - 92660,info@kia-eisleben.de,https://www.kia-eisleben-eisleben.de
A-Z Autozentrum GmbH ,KIA,Rugiswalder Weg 17,01844,Neustadt/Sachsen,DE,51.020676,14.22094,03596 - 502549,a-z-autozentrum@t-online.de,https://www.kia-autozentrum-neustadt.de
Autohaus Benkert GmbH,KIA,Remsaer Str. 20,04600,Altenburg,DE,51.00259,12.464846,03447 - 834321,info@autohaus-benkert.de,https://www.kia-benkert-altenburg.de
Autohaus Schabacker GmbH,KIA,Am Rosenbach,99755,Ellrich,DE,51.584628,10.671359,036332 - 20249,info@kia-autohaus-schabacker.de,https://www.kia-schabacker-ellrich.de
Autoservice Trützschler,KIA,Raasdorfer Str. 22,07987,Mohlsdorf,DE,50.672299,12.254914,03661 - 431129,as.truetzschler@t-online.de,https://www.kia-truetzschler-mohlsdorf.de
autoForum Wiegers GmbH,KIA,Detmolder Str. 378,33605,Bielefeld,DE,51.99972,8.577,0521 - 922260,info-bielefeld@wiegers.de,https://wiegers.de/kia
Hofmann Motorrad-Auto-Service und Handels GmbH,KIA,Neunäcker 1,97724,Burglauer,DE,50.2820934,10.1778813,09733-811860,kia@hofmann-burglauer.de,https://www.kia-hofmann-burglauer.de
Autohaus Görschner GmbH,KIA,Warliner Str. 6,17034,Neubrandenburg,DE,53.565683,13.293316,0395 - 4567515,info@autohaus-goerschner.de,https://www.kia-goerschner-neubrandenburg.de
Michael Raeder GmbH,KIA,Ernst-Zindel-Str. 18a,06847,Dessau,DE,51.818428,12.173739,0340 - 517423,raeder-dessau@t-online.de,https://www.kia-raeder-dessau.de
Autohaus Sommer e.K. Gerd Sommer,KIA,Potsdamer Allee 40,14532,Stahnsdorf,DE,52.391721,13.208612,03329 - 63880,info@autohaus-sommer.com,https://www.kia-sommer-stahnsdorf.de
Autohaus Sarin GmbH,KIA,Mörscherstr. 13-15,76275,Ettlingen,DE,48.947983,8.38187,07243 - 536590,info@autohaus-sarin.de,https://www.kia-sarin-ettlingen.de
Autohaus Fischer Münchberg Inh. Stefan Müller e. K.,KIA,Kirchenlamitzer Str. 99,95213,Münchberg,DE,50.18923,11.80251,09251 - 9200-0,info@ahfischer.de,https://www.kia-fischer-muenchberg.de
Fehrmann & Neubert GmbH & Co. KG,KIA,Industriestr. 27,49082,Osnabrück,DE,52.231397,8.03327,0541 - 959490,verkauf@fehrmann-neubert.de,https://www.kia-fehrmann-neubert-osnabrueck.de
Autohaus Echterstrasse GmbH,KIA,Bürgermeister-Dr.-Nebel-Str. 16,97816,Lohr am Main,DE,49.982537,9.576143,09352-87620,stefan.colisi@echterstrasse.de,https://www.kia-echterstrasse-lohr.de
Autohaus Degel GmbH & Co. KG,KIA,Wolf-Weil-Straße 6,95030,Hof/Saale,DE,50.313171,11.875994,09281 - 540010,Verkauf@Autohaus-Degel.de,https://www.kia-degel-hof.de
Autohaus Neff GmbH,KIA,Kocherwaldstraße 26,74177,Bad Friedrichshall,DE,49.2332209,9.2127901,07136-946200,info@auto-neff.de,www.kia-neff-bad-friedrichshall.de
Autohaus Wilhelm Neustadt e.K.,KIA,Westbogen 2,04910,Elsterwerda,DE,51.4661735,13.4962962,03525 - 51060,frank-neustadt@neustadt-automobile.de,https://www.kia-neustadt-elsterwerda.de
Autohaus Würll OHG,KIA,Schützenstr. 9,97640,Rappershausen,DE,50.387592,10.407369,09764 - 1006,a.wuerll@autohaus-wuerll.de ,https://www.kia-wuerll-rappershausen.de
Auto Störk GmbH,KIA,Ehinger Str. 19,78259,Mühlhausen-Ehingen,DE,47.815978,8.802562,07733 - 505710,info@auto-stoerk.de,https://www.kia-stoerk-singen-hegau.de
Walter Metzen GmbH & Co KG Kraftfahrzeuge,KIA,Sauergarten 4,54472,Monzelfeld,DE,49.893333,7.077024,06531 - 96340,c.metzen@auto-metzen.de,https://www.kia-metzen-monzelfeld.de
Autohaus Meyer GmbH,KIA,Inselsbergstr. 24,99891,Bad Tabarz ,DE,50.880958,10.507155,036259 12380,info@kia-meyer.de,https://www.kia-meyer-tabarz.de
Autohaus Schüler GmbH,KIA,Siegener Str. 13,35708,Haiger,DE,50.746318,8.188222,02773 - 94150,info@schueler-haiger.de ,https://www.kia-schueler-haiger.de
Autohaus Baldsiefen GmbH,KIA,Olefant 14,51427,Bergisch Gladbach,DE,50.954919,7.147368,02204 - 92280,info@baldsiefen.de,https://www.kia-baldsiefen-bergischgladbach.de
AFB-Auto Forum Bernburg GmbH,KIA,An der Ziegelei 8,06406,Bernburg OT Baalberge,DE,51.771531,11.787189,03471 - 32260,info@afbnet.de ,https://www.kia-autoforum-bernburg.de/
Auto Dom Pforzheim GmbH,KIA,Dürrenweg 44,75177,Pforzheim,DE,48.915291,8.72966,07231 - 1542550,info@autodom-pforzheim.de,https://www.kia-dom-pforzheim.de
Autopark Borsdorf GmbH,KIA,Leipziger Str. 49,04451,Borsdorf,DE,51.348785,12.5428406,034291 - 89500,kia-info@autoparkborsdorf.de,https://www.kia-autoparkborsdorf-leipzig.de
Autohaus Schultheiß GmbH,KIA,Alte Str. 32,79576,Weil am Rhein,DE,47.59744,7.60073,07621 - 974140,mail@autohaus-schultheiss.de,https://www.kia-schultheiss-weil-am-rhein.de
Automobilzentrum Memmingen GmbH,KIA,Europastr. 7,87700,Memmingen,DE,47.999895,10.153509,08331 - 85680,info@amz-memmingen.de,https://www.kia-memmingen.de/
Thomas Wandscher Autovertriebs GmbH,KIA,Güterstr. 90,26389,Wilhelmshaven,DE,53.522349,8.070182,04421 - 75640,info@wandscher-gruppe.de,https://www.kia-wandscher-wilhelmshaven.de
Autohaus Tosch OHG,KIA,Berliner Str. 17,15926,Luckau,DE,51.85903,13.703812,03544 - 555920,info@autohaus-tosch.de,https://www.kia-tosch-luckau.de
Schäfer Automobile GmbH,KIA,Im Mittelgewann 1,63924,Kleinheubach,DE,49.714144,9.217637,09371 - 3030,info@autohausschaefer.de,https://www.kia-schaefer-kleinheubach.de
Autohaus Baudisch GmbH,KIA,An der Irler Höhe 1,93055,Regensburg,DE,49.011104,12.133136,0941 - 793207,info@autohausbaudisch.de,https://www.kia-baudisch-regensburg.de
Christ GmbH,KIA,Berghofstr. 7,91522,Ansbach,DE,49.298918,10.541983,0981 - 14268,auto-christ@t-online.de,https://www.kia-christ-ansbach.de
Cecala GmbH & Co. KG,KIA,Duisburger Str. 100,46049,Oberhausen,DE,51.481069,6.85045979999995,0208 - 9412760,clever@cecala.de,https://www.kia-cecala-oberhausen.de
Automobile Radeberg GmbH,KIA,Pillnitzer Str. 34,01454,Radeberg,DE,51.105903,13.922114,03528 - 400940,info@Automobile-Radeberg.de,https://www.kia-radeberg.de
Autohaus Korn & Schwenk GmbH,KIA,Albert-Ruckdeschel-Str. 6,95326,Kulmbach,DE,50.11249,11.45111,09221 - 90520,info@korn-schwenk.de,https://www.kia-korn-schwenk-kulmbach.de
Norbert Müller OHG,KIA,Fritz-Henkel-Str. 3,39307,Genthin,DE,52.417989,12.162204,03933 - 93250,kia@mueller-jl.de,https://www.kia-mueller-genthin.de
Autohaus Siegel GmbH,KIA,Gartenweg 2,57539,Bruchertseifen,DE,50.749295,7.7120747,02682 - 516,info@autohaus-siegel.de,https://www.kia-siegel-bruchertseifen.de
Levy Motor Company GmbH,KIA,Coswiger Landstr. 6,06886,Lutherstadt Wittenberg,DE,51.876743,12.545975,03491 - 61550,wittenberg@motorcompany.de,https://www.kia-levy-wittenberg.de
Autohaus Scheel GmbH,KIA,Albert-Einstein-Straße 12,89340,Leipheim,DE,48.446987,10.237458,08221 - 252050,info@autohaus-scheel.de ,https://www.kia-scheel-leipheim.de
Heinz Autocenter GmbH & Co. KG,KIA,Am Mombacher Kreisel 3,55120,Mainz,DE,50.02723,8.22155,06131 - 9962700,mike-henn@autocenter-mainz.de,https://www.kia-autocenter-mainz.de
ath - Autohaus Temiz & Hocke GmbH,KIA,Paul-Ehrlich-Str. 3,71229,Leonberg,DE,48.8197,9.02573,07152 - 357680,info@ath.de,https://www.kia-ath-leonberg.de
Autohaus Wagner GmbH,KIA,Helmutstr. 45,45968,Gladbeck,DE,51.5550729,6.9953086,02043 - 96460,info@wagner-gladbeck.de,https://www.kia-wagner-gladbeck.de
Chemnitzer Auto-Salon Zentrum GmbH,KIA,Winklhofer Str. 13,09116,Chemnitz,DE,50.813145,12.879072,0371 - 281440,info@chemnitzer-autosalon.de,https://www.kia-auto-salon-chemnitz.de/
Autohaus Dinnebier GmbH,KIA,Holzhauser Str. 10-12,13509,Berlin-Tegel,DE,52.582514,13.306509,030 - 430030 ,anfragen.holzhauser@dinnebiergruppe.de,https://www.kia-dinnebier-berlin-reinickendorf.de
Autohaus Bruns GmbH,KIA,Badberger Str. 29,49610,Quakenbrück,DE,52.6646,7.96803,05431 - 90080,info@autohaus-bruns.de,https://www.kia-bruns-quakenbrueck.de
Autohaus Erdle,KIA,Rudolf-Diesel-Straße 31,86554,Pöttmes,DE,48.58559801,11.11131442,08253-995990,kia@autohaus-erdle.de,https://www.kia-erdle-poettmes.de
Autohaus Pohl GmbH,KIA,Silberbergweg 1E ,39128,Magdeburg,DE,52.163773,11.608584,0391 - 72771000,infomd@autohauspohl.de,https://www.kia-pohl-magdeburg.de
Autohaus Pohl GmbH,KIA,Calbesche Str. 35,39218,Schönebeck,DE,51.998648,11.724855,03928 - 4230780,infosbk@autohauspohl.de,https://www.kia-pohl-schoenebeck.de
Auto-Koch GmbH & Co. KG,KIA,Am Mühlenteich 6,52428,Jülich,DE,50.9105108,6.3781527,02461 - 995930,info.juelich@auto-koch.com,https://kia.auto-koch.com/
Autohaus Dinnebier GmbH,KIA,Brunsbütteler Damm 192/194,13581,Berlin-Spandau,DE,52.533788,13.170928,030 - 35107 0,anfragen.spandau@dinnebiergruppe.de,https://www.kia-dinnebier-berlin-spandau.de
Auto Nagel Niederrhein KA GmbH & Co. KG,KIA,Am Schürmannshütt 55,47441,Moers,DE,51.455406,6.6157298,02841 - 794050 ,kia-moers@auto-nagel.de,https://www.kia-nagel-moers.de
NÄGELE Automobile GmbH,KIA,Gustav-Rau-Str. 17,74321,Bietigheim-Bissingen,DE,48.952033,9.1478414,07142 - 90040,info@auto-naegele.de,https://www.kia-naegele-bietigheim.de/
Autohaus Hunold GmbH,KIA,Ziegeleistr. 32,57462,Olpe,DE,51.038412,7.862731,02761 - 5097,olpe@autohaus-hunold.de,https://www.kia-hunold-olpe.de/
Autohaus Dähn GmbH & Co. KG,KIA,Löcknitzer Str. 32,17309,Pasewalk,DE,53.501612,13.994946,03973-20265820,pasewalk@autohausdaehn.de,https://www.kia-daehn-pasewalk.de
Autohaus Konrad GmbH,KIA,Dornbergsweg 36,38855,Wernigerode,DE,51.851495,10.7895,03943-553960,info@teamkonrad.com,https://www.kia-konrad-wernigerode.de/
Autohaus H + P GmbH,KIA,Gewerbepark Klinkenthal 2,66578,Schiffweiler,DE,49.351911,7.109721,06821 - 96150,info@autohaus-hup.de,https://www.kia-h-p-schiffweiler.de
Jähler GmbH,KIA,Zeitzer Str. 141,04600,Altenburg,DE,51.000739,12.409472,03447 - 891400,info@jähler.de,https://www.kia-jaehler-altenburg.de/
Auto Bulenda GmbH,KIA,Am Schepersfeld 39,46485,Wesel,DE,51.663147,6.64447,0281 - 560210,info@autohaus-bulenda.de,https://www.kia-bulenda-wesel.de
Enders Automobile + Service GmbH & Co. KG,KIA,Kohlhäuser Str. 47,36043,Fulda,DE,50.53579,9.68184,0661 - 94510,info@kia-enders.de ,https://www.kia-enders-fulda.de
Autohaus Paschke GmbH,KIA,Alte Straßburger Str. 8 ,77652,Offenburg,DE,48.481861,7.940441,0781 - 919280,info@autohaus-paschke.de,https://www.kia-paschke-offenburg.de
MAT Moderne Anlagenpflegetechnik und Automobile GmbH,KIA,Zirndorfer Str. 7,84478,Waldkraiburg,DE,48.218582,12.416031,08638 - 94410,kia@matgmbh.com,https://www.kia-mat-waldkraiburg.de
Autohaus Klepp GmbH,KIA,Willi-Bleicher-Str. 1,73230,Kirchheim unter Teck,DE,48.63858,9.47357,07021 - 85363,kontakt@autohaus-klepp.de,https://www.kia-klepp-kirchheim.de
Autohaus Winter GmbH,KIA,Häuersteig 29,09599,Freiberg,DE,50.897931,13.328583,03731 / 68110,info@ah-winter.de,https://www.kia-winter-freiberg.de
Feser-Graf Metropol GmbH,KIA,Tennenloher Str. 10,90425,Nürnberg,DE,49.4851496,11.0568425,0911 - 8102830,kia.nuernberg@feser-graf.de,https://www.feser-graf.de/marken/kia
Autohaus Brüggemann GmbH & Co. KG,KIA,Rheiner Str. 155,48432,Rheine,DE,52.237915,7.477603,05975 - 3040,info@autohaus-brueggemann.de,https://www.kia-brueggemann-rheine.de
Diamant Autowelt GmbH,KIA,Willi-Juppe-Str. 1-3,65199,Wiesbaden,DE,50.06931,8.196884,0611/188600,info@diamant-autowelt.com,https://www.kia-diamant-wiesbaden.de
Auto Nagel Niederrhein KA GmbH & Co. KG,KIA,Weseler Str. 180-184,47608,Geldern,DE,51.52272033691406,6.351839065551758,02831 - 93820 ,kia-geldern@auto-nagel.de,https://www.kia-nagel-geldern.de
Automobile Kroppen GmbH,KIA,Westerholter Str. 782,45701,Herten,DE,51.602253,7.107999,02366 - 99990,info@kroppen.de,https://www.kia-kroppen-herten.de
Autohaus Fugel Dresden GmbH,KIA,Hamburger Str. 69-73,01157,Dresden,DE,51.061457,13.68607,0351 - 4320000,dresden@fugel-gruppe.de,https://www.kia-fugel-dresden.de
Autohaus Schultheiß GmbH,KIA,Hauptstr. 105,79689,Maulburg,DE,47.64576,7.77135,07622 - 68500,mail@autohaus-schultheiss.de,https://www.kia-schultheiss-maulburg.de
autoForum Wiegers GmbH,KIA,Engerstr. 145,32051,Herford,DE,52.12258,8.63904,05221 - 38000,info-herford@wiegers.de,https://wiegers.de/kia
autoForum Wiegers GmbH,KIA,Verler Str. 321a,33334,Gütersloh,DE,51.88449,8.42833,05241 - 220210,info-guetersloh@wiegers.de,https://wiegers.de/kia
Feser-Graf Metropol GmbH,KIA,Am Pointgraben 16,91126,Schwabach,DE,49.3410519,11.0148417,09122 - 93870,kia.schwabach@feser-graf.de,https://www.feser-graf.de/marken/kia
S. Maske Automobile e.K.,KIA,Papenstr. 127,27472,Cuxhaven,DE,53.8504309,8.7144116,04721 - 72190,info@s-maske.de,https://www.kia-maske-cuxhaven.de
Autohaus Horst Sauter GmbH & Co. KG,KIA,Kientenstr. 21,72458,Albstadt,DE,48.210739,9.0082531,07431 / 935315-0,albstadt@kia-sauter.de,https://www.kia-sauter-albstadt.de
Auto Reiter GmbH,KIA,Kurt-Schumacher-Straße 23,66130,Saarbrücken,DE,49.2053694,7.0443434,0681 / 709770,info@kia-saar.de,https://www.kia-reiter-saarbruecken.de
Autohaus Moskopp GmbH,KIA,Wankelstraße 1,54634,Bitburg,DE,49.956948,6.531708,06561-697740,info@autohaus-moskopp.de,https://www.kia-moskopp-bitburg.de
Kronemeyer Autohaus GmbH,KIA,Westersand 24,49824,Emlichheim,DE,52.616362,6.854414,05943 - 93300,nina@autohaus-kronemeyer.de,https://www.kia-kronemeyer-emlichheim.de/
Autogalerie Fugel GmbH,KIA,Hofer Straße 325,09353,Oberlungwitz,DE,50.79184,12.77163,0371 - 27326550,info@fugel-gruppe.de,https://www.kia-fugel-oberlungwitz.de
Gerth-Mobile e.Kfm.,KIA,Gewerbegebiet Borau Drei Wege 5,06667,Weißenfels,DE,51.198339,11.998326,03443 - 341600,info@gerth-mobile.de,https://automobile.gerth-mobile.de/
Fahrzeugservice Urland GbR,KIA,Berthelsdorfer Str. 1a,02747,Strahwalde,DE,51.027462,14.725734,035873 - 2496,urland@t-online.de,https://www.kia-urland-strahwalde.de
AHS Autohaus-Handels und Service GmbH,KIA,Außernbrünst 14,94133,Röhrnbach,DE,48.717781,13.532642,08582 / 9614-0,ahs.roehrnbach@bachl.de,https://www.kia-ahs-roehrnbach.de
Motor Center Heinen GmbH,KIA,Karolingerstr. 90,45141,Essen,DE,51.471547,7.018222,0201 - 830830,service@heinen-nrw.de,https://www.kia-heinen-essen.de
Autozentrum Roscherstraße Vertriebs GmbH,KIA,Roscherstr. 23,04105,Leipzig,DE,51.35319,12.380993,0341 - 5660960,info@kia-leipzig.de,https://www.kia-roscherstrasse-leipzig.de
Autohaus Dorn GmbH,KIA,Ingolstädter Straße 7,84030,Landshut,DE,48.561824,12.13603,0871 - 4308330,info@autohaus-dorn.de,https://www.kia-dorn-landshut.de
Autohaus Scholz GmbH,KIA,Gewerbegebiet 2,98701,Großbreitenbach,DE,50.585292,10.995454,036781 - 29444,autohaus@kia-scholz.de,https://www.kia-scholz-grossbreitenbach.de
Franzsander GmbH & Co. KG Auto  & Anhänger Center,KIA,Borkenerstr. 142,48653,Coesfeld,DE,51.939569,7.136683,02541 - 3113,kfz@franzsander.de,https://www.kia-franzsander-coesfeld.de
Autohaus Telke,KIA,Auer Talstr. 2,08280,Aue-Bad Schlema,DE,50.614202,12.68249,03772 - 37070,info-kia@telke.de,https://www.kia-telke-badschlema.de
Autohaus Zurawski Inh. A. Pötter e.Kfr.,KIA,Zum Stadtwald 1,01877,Bischofswerda,DE,51.136069,14.192369,03594 - 77160,kia-zurawski@gmx.de,https://www.kia-zurawski-bischofswerda.de
Autohaus Stiebitz e.K.,KIA,Albersrieth 8,92727,Waldthurn,DE,49.669299,12.296955,09657 - 598,auto@stiebitz.com,https://www.kia-stiebitz-waldthurn.de
Feser-Graf Metropol GmbH,KIA,Kupferschmiedstr. 6,91154,Roth,DE,49.245194,11.121199,09171 - 827310,kia.roth@feser-graf.de,https://www.feser-graf.de/marken/kia
Auto-Schubert-Gießen GmbH,KIA,An der Automeile 15,35394,Gießen,DE,50.57369,8.71007,0641 - 940190,gi@auto-schubert.de  ,www.auto-schubert.de/marken/kia
Bender Automobile GmbH,KIA,Rosenauer Str. 113,96450,Coburg,DE,50.276135,10.983278,09561 - 865 30-0,info@autohausbender.com,https://www.kia-bender-coburg.de
Auto Exner GmbH & Co. KG,KIA,Hans-Böckler-Str. 30,95032,Hof,DE,50.305733,11.916552,09281 - 7820,info@automobile-exner.de,https://www.kia-exner.de/
Siepmann +  Becker GmbH,KIA,Ziegeleiweg 3,42555,Velbert,DE,51.373305,7.130035,02052 - 4455,s125b@aol.com,https://www.kia-siepmann-becker-velbert.de
Autohaus Fischer + Co. GmbH,KIA,Kurmainzer Str. 107,65936,Frankfurt-Höchst,DE,50.11321,8.554444,069 - 316730,autohaus.fischer@gmx.de,https://www.kia-fischer-frankfurt.de
WEBER Automobile GmbH,KIA,Martin-Luther-King-Str. 10,63452,Hanau,DE,50.14521742805985,8.922448575496684,06181 – 98090,info@weberautomobile.de,https://www.kia-weber-hanau.de
Autovertrieb G.E.C.A. GmbH,KIA,Ulrichstr. 9,45891,Gelsenkirchen,DE,51.5496156,7.0866655,0209 - 976210,infogeca@geca.de,http://www.kia-geca-gelsenkirchen.de
Autohaus Dengler GmbH & Co. KG,KIA,Bahnhofstr. 12-14,72379,Hechingen,DE,48.3563075,8.9696927,07471 - 930020,info@autohaus-dengler.com,https://www.kia-dengler-hechingen.de
Autohaus Gerich GmbH & Co. KG.,KIA,Tüßlinger Str. 4,84503,Altötting,DE,48.22565,12.65772,08671 - 98430,christian@gerich.info,https://www.kia-gerich-altoetting.de
Autohaus Moegelin GmbH,KIA,Prenzlauer Chaussee 117,16348,Wandlitz,DE,52.746191,13.462946,033397 - 21554,autohaus-moegelin@t-online.de,https://www.kia-moegelin-wandlitz.de
Thomas Wandscher Autovertriebs GmbH,KIA,Bremer Heerstr. 400,26135,Oldenburg,DE,53.113695,8.265479,0441 - 9207710,info@wandscher-gruppe.de,https://www.kia-wandscher-oldenburg.de
Autohaus Hilmer Stollberg GmbH,KIA,Zu den Teichen 3,09366,Stollberg,DE,50.715892,12.782039,037296 - 5120,kundendienst@kia-hilmer.de,https://www.kia-hilmer-stollberg.de
Autohaus Vogel GmbH,KIA,Carnotstraße 18,39120,Magdeburg,DE,52.080178,11.626987,0391/6230573 (Verkauf) | 0391/6213294 (Service),kia-autohaus-vogel@email.de,https://www.kia-vogel-magdeburg.de
Autohaus Ely GmbH,KIA,Lohmannstr. 30,56567,Neuwied-Feldkirchen,DE,50.44907,7.4202113,02631 - 71834,info@kia-neuwied.de,https://www.kia-ely-neuwied.de
"Auto-Seitner, Inh. Michael Seitner",KIA,Weinheimer Landstr. 32,55232,Alzey,DE,49.742253,8.101938,06731 - 95900,info@auto-seitner.de,https://www.kia-seitner-alzey.de
Autohaus Raab GmbH,KIA,Dr.-Johann-Stark-Str. 8,92637,Weiden,DE,49.692703,12.137701,0961 - 670950,zentrale@auto-raab.de,https://www.kia-raab-weiden.de
Autohaus Bellemann GmbH & Co. KG,KIA,Bahnhofstr. 42,68789,St. Leon-Rot,DE,49.260033,8.637332,06227 / 8654-0,info@bellemann.de,https://www.kia-bellemann-sanktleonrot.de
Autohaus Pöschl GmbH,KIA,Fabrikstr. 3,64625,Bensheim,DE,49.676454,8.614853,06251 - 61488,kia@autohaus-poeschl.de,https://www.kia-poeschl-bensheim.de
Autohaus Dinnebier GmbH,KIA,Castrop-Rauxel-Allee 3,16792,Zehdenick,DE,52.979107,13.344612,03307/ 467048,mario.riemer@dinnebiergruppe.de,https://www.kia-dinnebier-zehdenick.de
Autohaus Mayrhörmann GmbH,KIA,Ulmer Str. 12-14,86420,Diedorf bei Augsburg,DE,48.37493,10.762397,0821 - 48660,kia@mayrhoermann.de,https://www.kia-mayrhoermann-diedorf.de
Autohaus Holz GmbH,KIA,Branchweilerhofstr. 87-89,67433,Neustadt,DE,49.351282,8.166937,06321 - 91880,info@autohaus-holz.de,https://www.kia-holz-neustadt.de
Autohaus Egling GmbH,KIA,Gewerbering 8,82544,Egling,DE,47.930654,11.500897,08176 - 99830,info@autohaus-egling.de,https://www.kia-egling.de/
Autohaus von der Weppen GmbH & Co. KG,KIA,Heilbronner Straße 305,70469,Stuttgart,DE,48.81447,9.17754,0711 - 26868-0,kontakt@von-der-weppen.de,https://www.kia-von-der-weppen-stuttgart.de
Auto-Tröndle GmbH & Co. KG,KIA,Schaffhauser Str. 1,79865,Grafenhausen,DE,47.77525,8.2563,07748-92 91 90,Mario.Troendle@auto-troendle.de,https://www.kia-troendle-grafenhausen.de
Autohaus Klein GmbH,KIA,Wallerfanger Str. 102,66740,Saarlouis,DE,49.31779,6.73606,06831 - 94030,kontakt@kia-saarlouis.de,https://www.kia-klein-saarlouis.de
AHS Automobil-Handel-Service GmbH,KIA,Schwedter Str. 20,16278,Angermünde,DE,53.017226,14.012144,03331 - 267630,kontakt@kia-angermuende.de,https://www.kia-automobil-handel-angermuende.de
Autocenter Strehle e.K.,KIA,Kötzschenbroder Str. 189,01139,Dresden,DE,51.092591,13.67104,0351 - 83979411,niziak@strehleauto.de,https://www.kia-strehle-dresden.de
Autohaus Bachmann (Inh. Ingo Bachmann),KIA,Reichensächser Str. 19,37287,Wehretal-Hoheneiche,DE,51.128064,9.975652,05658 - 1028,info@bachmann-autohaus.de,https://www.kia-bachmann-wehretal.de
Autohaus Hilpert GmbH,KIA,Markt Berolzheimer Str. 13,91757,Treuchtlingen,DE,48.98626,10.88149,09142 - 969750,autohaus-hilpert@t-online.de,https://www.kia-hilpert-treuchtlingen.de
Autohaus Grund GmbH,KIA,Sangerhäuser Str. 29,06536,Berga,DE,51.45891,11.0112513,034651 - 41510,s.grund@autogrund.de,https://www.kia-grund-berga.de
Autohaus Ernst GmbH & Co. KG,KIA,Eckerförder Straße 360,24107,Kiel,DE,54.3523686,10.0904985,0431 305200,info@kia-ernst.de,https://www.kia-ernst-kiel.de
Autohaus Sayda GmbH,KIA,Dresdner Str. 88a,09619,Sayda,DE,50.710777,13.429611,037365 - 1310,autohaus-sayda@t-online.de,https://www.kia-sayda.de
Autohaus Bentrop GmbH,KIA,Oberscheidstr. 12,44807,Bochum,DE,51.517883,7.215078,0234 - 9536036,info@kia-bentrop.de,https://www.kia-bentrop-bochum.de
Autohaus Gerich GmbH,KIA,Harthauserstr. 1,84453,Mühldorf/Inn,DE,48.252412,12.513811,08631 - 990260,kia@gerich.info,https://www.kia-gerich-muehldorfaminn.de
Jacobs Automobile Aachen GmbH & Co. KG,KIA,Neuenhofstr. 130,52078,Aachen,DE,50.767464,6.144468,0241 - 9900380,info@kia-jacobs.de ,https://www.kia-aachen-jacobs.de
Autohaus Gründel GmbH & Co. KG,KIA,Trinkbornstr. 3,56281,Dörth,DE,50.16056,7.58503,06747 - 94094,autohaus.gruendel@t-online.de,https://www.kia-gruendel-doerth.de
Bender Automobile GmbH,KIA,Bamberger Straße 100 ,96215,Lichtenfels ,DE,50.140102,11.052372, 09571 - 95640,info@autohausbender.com,https://www.kia-bender-lichtenfels.de
Autohaus Widmann + Winterholler GmbH ,KIA,Münchner Str. 71 ,85221,Dachau ,DE,48.250274,11.44303,08131 - 373430,info@widmann-winterholler.de,https://www.widmann-winterholler.de/kia/
Autohaus Widmann + Winterholler GmbH,KIA,Christoph-Selhamer-Straße 8,82362,Weilheim In Oberbayern,DE,47.846672,11.15083,0881 - 3900410 ,info@widmann-winterholler.de,https://www.widmann-winterholler.de/kia/
Autohaus Brass GmbH & Co. KG,KIA,Mühlheimer Straße 311,63075,Offenbach,DE,50.110201,8.798618,069-9864780,info.offenbach@brass-gruppe.de,https://www.kia-brass-offenbach.de/
Autohaus Brass GmbH & Co. KG,KIA,Guerickestraße 9,60488,Frankfurt am Main,DE,50.138744,8.594538,069/976712-0,info.roedelheim@brass-gruppe.de,https://www.kia-brass-frankfurt.de/
Hakvoort GmbH,KIA,Zeithstraße 89,53721,Siegburg,DE,50.802033,7.21658,,,https://www.hakvoort-gruppe.de/kia
Autohaus Böttcher GmbH,KIA,Lengenfelder Str. 134,08064,Zwickau,DE,50.671424,12.460851,0375-77005 0 ,info@boettcher-aktiv.de,https://www.kia-boettcher-zwickau.de
Autohaus Marcel Möller GmbH,KIA,Portlandstr. 5,31515 ,Wunstorf,DE,52.421064,9.447055,05031 - 518100,info@autohaus-m-moeller.de ,https://www.kia-moeller-wunstorf.de/
Horst Wahl GmbH & Co. KG ,KIA,Alleestr. 22,56410,Montabaur,DE,50.440326,7.829551,,,https://www.kia-wahl-montabaur.de/
AHAG Automobil-Handels-Ges. Egon Gladen GmbH & Co. KG,KIA,Crengeldanzstr. 83,58455,Witten,DE,51.45120620727539,7.325366973876953,02302-2005700,info.witten@ahag-kia.de,https://ahag-group.de/kia
Ruprecht Tretter Autohaus GmbH & Co. KG,KIA,Lauterburger Straße 9 ,76870 ,Kandel ,DE,49.07833034241051,8.201088597137009,,,https://www.kia-tretter-kandel.de/
Autohaus Gotthard König GmbH,KIA,Johann-Friedrich-Böttger-Straße 1,17389,Anklam,DE,53.83871078491211,13.719965934753418,,,https://www.kia-koenig-anklam.de
Autohaus Schirmer GmbH,KIA,Karl-Schurz-Straße 21,33100,Paderborn,DE,51.725933,8.7923564,05251 - 387660,kia@autohaus-schirmer.de,https://www.kia-schirmer-paderborn.de/
Auto Zschernitz GmbH - Bruchsal,KIA,Dieselweg 7,76646,Bruchsal,DE,49.1190871,8.5736273,07251 8080,info@autohaus-wittemann.de,https://www.kia-zschernitz.de
Auto Zschernitz GmbH - Karlsruhe,KIA,Am Mühlburger Bahnhof 10,76189,Karlsruhe,DE,49.0156389,8.3515431,0721 6628 0,info@zschernitz.de,https://www.kia-zschernitz.de
